title,description,label
Why is Kamala Harris still asking for campaign donations?,"A week after losing the election, Kamala Harris's team are still appealing for funds.", Donation Requests
The blue wall was Kamala Harris' clearest path to the White House. Here's why it faded away.,Vice President Harris sought to bring together the coalition that had elected President Biden. But an array of challenges proved to be insurmountable., Election Loss Explanation
Chris Christie: Most effective Trump ad was ‘Kamala Harris is for they/them’,, Trump Campaign
Harris Surrogate Says Joe Biden Gave a ‘Big F You’ to Fellow Democrats With Kamala Endorsement | Video,, Celebrity Endorsement
Canvassing for Kamala Harris in Pennsylvania,Jennifer Egan writes about going door to door in Philadelphia and Allentown before the 2024 election in order to rally support for the Democrat in her campaign against Donald Trump., Campaign Strategies
"No, Oprah Winfrey Wasn't Paid $1 Million To Endorse Kamala Harris","""Oprah was not paid. The internet is a machine that devours trust"" — Hank Green.View Entire Post ›", Celebrity Endorsement
Jill Biden's apparent cold shoulder for Kamala Harris ignites social media,, Celebrity Disapproval
"I spent Election week on Twitter (X) but I didn't have to see political posts. This extension uses AI to block mentions of Donald Trump, Kamala Harris, or politics.",A new browser extension uses AI to filter out political content from X (formerly Twitter)., Anti-Politics
Pharrell Williams Denies Dissing Taylor Swift's Kamala Harris Endorsement,Pharrell Williams criticized music stars on both sides of the aisle campaigning for their presidential picks ahead of the election ... but is flat-out denying he was gunning at Taylor Swift!!! The superproducer-turned-Louis Vuitton fashion czar…, Celebrity Endorsement
"Joe Biden, Kamala Harris Out Together for 1st Time Since Election Loss","President Joe Biden and Vice President Kamala Harris are carrying on after last week's election loss ... with the political team stepping out for a Veterans Day ceremony. The president and his VP were back on duty Monday, attending a laying of a…", Election Loss
Alan Ruck Thinks 'Misogyny' Played a Factor in Kamala Harris' Loss,"Alan Ruck is weighing in on the results of the 2024 presidential election ... sharing his belief that ""misogyny"" played a role in Kamala Harris' big loss. We caught up with the ""Succession"" star at LAX after the election, and he admitted he was…", Misogyny
Jimmy Kimmel Says Donald Trump's Victory Over Kamala Harris Was a 'Terrible Night',"Jimmy Kimmel got choked up during the opening monologue of his late-night show, telling his audience it was ""terrible"" that Donald Trump beat Kamala Harris in the 2024 presidential election. The comedian came out onstage Wednesday evening for…", Celebrity Endorsement
Kamala Harris Could Earn Big Bucks With Speaking Gigs After Election Loss,"Vice President Kamala Harris may've lost the 2024 Presidential Election, but her future is still looking bright ... the politician could rake in the dough with speaking engagements. Darren Prince, the CEO of Prince Marketing Group, tells TMZ ...…", Moving Forward
Andrew Yang Says Kamala Harris Screwed Up by Not Going on Joe Rogan Podcast,"Andrew Yang says Kamala Harris made a major misstep during the campaign ... claiming she should've spent a few hours in Austin, Texas -- speaking to Joe Rogan! The 2020 presidential candidate stopped by ""TMZ Live"" Friday to talk about why Democrats…", Election Loss Explanation
Beyond abortion rights: Why did Kamala Harris lose women’s votes?,The number of American women voting Democratic declines after Joe Biden's election to the presidency. Why?, Election Loss Explanation
How Kamala Harris and the Democrats lost the 2024 US election,Marc Lamont Hill dissects the reasons behind a historic election victory for Donald Trump., Election Loss Explanation
Oprah Winfrey Details How Her Company Spent $1 Million From Kamala Harris’ Campaign on ‘Unite for America’,"Despite the inaccurate reporting and speculation that Oprah Winfrey was personally paid by the Kamala Harris campaign to participate in the “Unite for America” livestream rally in September, Winfrey has once again confirmed that the $1 million spent by the ca…", Celebrity Endorsement
"Media CEOs Weigh In On Washington Post And LA Times Non-Endorsements Of Kamala Harris, AI And Covering Trump 2.0","In a wide-ranging discussion Wednesday about the unsettled state of journalism, two media CEOs weighed in on covering Donald Trump and the decision by the Washington Post and LA Times to not endorse a presidential candidate. Steve Hasker, CEO of Thomson Reute…", Non-Endorsements
John Oliver Jokes Katy Perry’s “Ill-Advised” Whitney Houston Cover Is To Blame For Kamala Harris’ Election Loss: “It’s OK Not To Have The Range”,"In an episode dedicated to unpacking the 2024 presidential election results, John Oliver’s through-line toward making sense of Kamala Harris’ loss was a running joke pinning the blame on Katy Perry’s “ill-advised” cover of Whitney Houston’s “Greatest Love of …", Election Loss Explanation
"Joe Biden, In First Speech Since Kamala Harris’ Loss To Donald Trump, Says “A Defeat Does Not Mean We Are Defeated”","In his first speech since Kamala Harris lost the presidential race to Donald Trump, President Joe Biden vowed a peaceful transition of power and said that many of his administration’s accomplishments would be felt over the next decade. In his Rose Garden addr…", Moving Forward
"Oprah Winfrey Says She Was Not Paid To Endorse Kamala Harris, And There’s A Legal Reason Why VP’s Campaign Spent $1 Million On Harpo Productions",Oprah Winfrey has tried to tamp down the notion — which has gotten some traction on social media — that she was paid $1 million to endorse Kamala Harris. The story gained fuel after a Washington Times story that cited campaign finance records showing that Opr…, Celebrity Endorsement
Kamala Harris drinks wine and plays Connect 4 in joyful post-election pic posted by her niece,"What would you do if you'd just been dealt a devastating, extremely public defeat? If your answer is ""drink wine in leggings,"" then Vice-President and former Democratic U.S. presidential candidate Kamala Harris can do you one better: Drink wine in leggings, s…", Moving Forward
The women's wave fell short for Kamala Harris. What happened?,"During an antagonistic race for the White House, both candidates tried to turn the gender gap among voters to their advantage, with Harris focusing on reproductive freedom as a cornerstone of her campaign and Trump doubling down on a hypermasculine strategy t…", Election Loss Explanation
What Kamala Harris’ Loss Says About Female Leadership. Plus: Asia’s Most Powerful Businesswomen In 2024,"Welcome to this week’s ForbesWomen newsletter, which every Thursday brings news about the world’s top female entrepreneurs, leaders and investors straight to your inbox.", Election Loss Explanation
Kamala Harris Fundraising Going Towards 'Recount',Donations to the vice president's campaign on ActBlue are now being partially rerouted towards a vote recount effort., Donation Requests
"Kamala Harris' Radical, Inflexible Policies Lost Her the Catholic Vote | Opinion","America has narrowly dodged a bigot. Throughout Kamala Harris' presidential campaign, the incumbent vice president made no attempts to appeal to Catholic voters. Instead, she insulted us all the way to the finish line. Just weeks before Election Day, Harris s…", Election Loss Explanation
The Real Reason Why Kamala Harris' Interview With Joe Rogan Was Called Off,"In the final days of the presidential race, eyebrows were raised after podcaster Joe Rogan announced he had rejected the terms of an interview with the Democratic nominee, Vice President Kamala Harris. After Harris' stinging defeat by now President-elect Dona…", Celebrity
Judge Recused in Arizona 'Fake Electors' Case after Kamala Harris Remark,"An Arizona judge has recused himself from a ""fake electors"" case against Trump allies after being accused of anti-Trump bias due to comments he made about Kamala Harris. Maricopa County's Judge Bruce Cohen recused himself after emails surfaced in which he cal…", Anti-Trump
Kamala Harris Campaigned on 'Joy.' Now It's Republicans Having All the Fun,"How Donald Trump went from Democratic supervillain to silly dancing grandpa, and what that reflects in the wider culture.", Election Loss Explanation
One sentence sums up Kamala Harris' misread of the election,Why Harris lost the election to Trump is a complicated question. Part of it is tied to her failure to outline what she would have done differently than Biden., Election Loss Explanation
Kamala Harris' Celebrity Endorsements Didn't Matter. Can They Shift Voters?,"Vice President Kamala Harris' failure to win the presidency has called into question the Democrats' tactics, including the amplification of celebrity endorsements that seemed to make little impact on the final result. Harris picked up momentum early on when s…", Celebrity Endorsement
Kamala Harris Photo Shows Her Laughing With Family Days After Election Loss,"Kamala Harris' niece shared a photo of the vice president with her great nieces after her loss to President-elect Donald Trump following the 2024 presidential election. ""Back to where it all began only a few months ago. My eternal gratitude to everyone who sh…", Moving Forward
Oprah Winfrey Denies Claim She Was Paid $1M by Kamala Harris Campaign,Oprah Winfrey is setting the record straight on her involvement with Kamala Harris' presidential campaign. The former talk show host denied rumors that she was paid a $1 million personal fee to..., Celebrity Endorsement
Beyoncé's Mom Slams Rumor She Got $10 Million for Kamala Harris Rally,"You know you're Beyoncé when you cause all this conversation. The ""Formation"" singer's mother Tina Knowles shut down rumors that her daughter was paid $10 million to speak at a Kamala Harris rally...", Celebrity Endorsement
[Removed],[Removed],
$1.5 billion in 15 weeks: Kamala Harris’ INSANE campaign spending exposed,"Kamala Harris’ campaign took a nosedive toward the end, and upon closer look, her wasteful spending may have played a major role — as the vice president reportedly burned through $1.5 billion within just 15 weeks.  “She was able to spend $1.5 billion in 15 we…", Campaign News
Biden sounds upbeat in first speech since devastating election loss for Kamala Harris: 'Giving up is unforgivable',President Joe Biden appeared almost happy in the first speech he's given since the devastating loss for Vice President Kamala Harris in the election. Biden spoke for about 10 minutes from the White House on Thursday and tried to encourage supporters to keep f…, Moving Forward
Was Kamala Harris a Victim of the Glass Cliff?,"Donald Trump thoroughly beat Vice President Kamala Harris in this week’s election, winning the electoral college and popular vote. Was this a further example of the glass cliff, where The post Was Kamala Harris a Victim of the Glass Cliff? appeared first on I…", Election Loss Explanation
Kamala Harris Came Much Closer to Winning Than You Think,"Nobody should blame Kamala Harris for Trump’s election. In retrospect, the Biden administration’s perceived failures were a hill too steep to climb, but Harris came closer that you might think to an Electoral College win.", Election Loss Explanation
Why Kamala Harris Bailed on Joe Rogan,"In the closing weeks of the 2024 presidential campaign, Vice President Kamala Harris had an opportunity to appear on the Joe Rogan Experience, the most", Celebrity
Oprah Winfrey Denies Being Paid to Endorse Kamala Harris,"Oprah Winfrey is denying allegations that she was paid to endorse Kamala Harris ahead of the election. Fox News, among other outlets, reported over the weekend, “Vice President Kamala Harris paid Oprah Winfrey’s Harpo Productions $1 million, just one example …", Celebrity Endorsement
"Oprah Winfrey Further Clarifies False Kamala Harris Endorsement Money Story, Reveals Who Was Actually Paid","Oprah Winfrey is further clarifying allegations that she was paid to endorse Kamala Harris. If you don’t know, the night before the 2024 Presidential Election, Oprah was in attendance at VP Harris‘ final rally in Philadelphia to energize voters in Pennsylvani…", Celebrity Endorsement
Tina Knowles Hits Back at False Reports That Beyoncé Was Paid to Speak at Kamala Harris Houston Rally,Tina Knowles is hitting back at Candace Owens. On Friday (November 15) the 35-year-old far-right political commentator shared a video on Instagram in which she accused Beyoncé of being paid $10 million to speak at Kamala Harris‘ Houston rally last month. The …, Celebrity Endorsement
