title,description,coding
Woman Says She Used an Apple AirTag to Track Down Stolen Kamala Harris Sign,"When her lawn signs kept disappearing, one Missouri woman turned to innovative measures.",neutral
Kamala Harris makes surprise appearance on Saturday Night Live,A Republican member of the media regulatory agency said the appearance broke rules around equal time for candidates.,negative
Arnold Schwarzenegger has endorsed Kamala Harris for president,"Schwarzenegger served as the governor of California from 2003 to 2011. He said he is frustrated with both parties, and does not trust either, but felt compelled to speak out.",positive
Washington Post reports that owner Jeff Bezos stopped it from endorsing Kamala Harris,"Former Washington Post executive editor Marty Baron called the decision ""a moment of darkness that will leave democracy as a casualty.""",negative
The business leaders that Kamala Harris could recruit for her Cabinet,"While Mark Cuban and Uber's Tony West may be out of contention, Harris has many powerful ties in the business world.",positive
Chloë Grace Moretz addresses her sexuality for the first time as she endorses Kamala Harris,"The actor, known for her roles in films such as ""Kick-Ass,"" said she supported legal protections for the LGBTQ+ community ""as a gay woman.""",positive
Kamala Harris mocks Donald Trump as she joins long list of politicians to cameo on 'Saturday Night Live',"During her cameo, Harris appeared to poke fun at a recent video of Trump struggling to climb into a garbage truck at a campaign event.",positive
Kamala Harris' new lead in top Iowa poll could bode well for her in some key swing states,"A new Iowa poll shows Harris ahead of Trump by three points, a major shift in a state that has voted red in the past two presidential elections.",positive
"Kamala Harris Mocks Donald Trump on ‘SNL’ Appearance, Urges Americans to ‘Keep Kamala and Carry On-A-La’",positive
Bill Gates Makes Unprecedented $50 Million Pledge to Back Kamala Harris: ‘This Election Is Different’,,positive
Kamala Harris has admitted her biggest weakness — and it sums up why voters are turning away,,negative
Kamala Harris Is Dressing for the Presidency,"By wearing modern versions of a cravat, Harris is tapping into a historical language that evokes democratic principles and authority.",neutral
"At Detroit Rally for Kamala Harris, Eminem Endorses and Obama Raps","Voter turnout in Detroit, a longtime Democratic stronghold, will be crucial in determining who wins Michigan, a crucial swing state, in November.",positive
Kamala Harris Makes Her Final Pitch for Voters to ‘Turn the Page’ on Donald Trump,"The Vice President made her final pitch to “turn the page” on Trump—from the same spot he rallied a mob on Jan. 6, 2021.",neutral
What would a Kamala Harris or Donald Trump victory mean for the stock market?,The stock market has soared during the presidential campaign. Will it continue?,neutral
The Obamas Campaign for Kamala Harris,"Emily Witt on the Kamala Harris campaign’s efforts to bolster support among young Black men, with the help of Barack and Michelle Obama, ahead of the 2024 Presidential election",positive
Key Moments from the Donald Trump–Kamala Harris 2024 Presidential Election,"Major milestones in the campaign also involving Joe Biden, J. D. Vance, Tim Walz, Robert F. Kennedy, Jr., debates, assassination attempts, and the party conventions.",neutral
Kamala Harris Campaign Buys Ad on Las Vegas Sphere as Nevada Polls Are Tied,Trump is currently up just 0.2% over Harris in 538's polling average for Nevada.,neutral
How Alpha Kappa Alpha Shaped Kamala Harris,"On the New Yorker Radio Hour, David Remnick speaks with Jazmine Hughes about Kamal Harris’s membership in Alpha Kappa Alpha, the nation’s oldest Black sorority.",neutral
Kamala Harris Makes Her Closing Argument at the Ellipse,"At a rally whose location evoked January 6th, Harris sounded the alarm about Trump’s authoritarian tendencies but refused to linger in the national shame spiral that has formed around him.",neutral
We Refuse To Go Back. We Endorse Kamala Harris For President.,"We can't believe we even need to say this, BUT WE CLEARLY DO.View Entire Post ›",positive
"""It Raises Real Questions About Whether You Are Fit For The Toughest Job In The World"": Kamala Harris Trolled Donald Trump After He Apparently Canceled These 6 Interviews","""It raises real questions about whether you are fit for the toughest job in the world.""View Entire Post ›",positive
Kamala Harris Brings The House Down With Weed Gummies Comment,,neutral
"Upcoming Kamala Harris rally in Pittsburgh expected to be relocated, sources say",,neutral
Beyoncé Introduces Kamala Harris at Houston Rally: Watch,The musician delivered her speech beside her former Destiny’s Child bandmate Kelly Rowland,neutral
"The National, Remi Wolf, and More Perform at Kamala Harris Rally: Watch",Gracie Abrams also endorsed the Democratic presidential candidate amid a break from her opening slots on Taylor Swift’s Eras Tour,positive
"Cardi B Delivers Speech on Women’s Rights, Healthcare, and More at Kamala Harris’ Milwaukee Rally",The “Bodak Yellow” rapper threw her full-throated support behind the vice president while rebuking her Republican opponent,positive
Beyoncé to Appear at Kamala Harris Rally in Houston on Friday,"The native Texan, who has granted the Democratic presidential candidate permission to play “Freedom” at campaign events, will appear at a rally centered on abortion rights",neutral
Eminem to Introduce Barack Obama at Kamala Harris Rally in Detroit Tonight,The rapper will join the campaign trail at a get-out-the-vote rally in his Michigan hometown,neutral
Kamala Harris And Tim Walz Launch Their Own Fortnite Map,"As of today, there are seven days left in the campaign for the U.S. Presidential election. Now, the Democratic ticket headlined by Vice President Kamala Harris and Minnesota Governor Tim Walz is courting the gamer vote by launching their own map on Fortnite.F…",neutral
The Onion: “The Donald Trump and Kamala Harris campaigns both debuted new...,The Onion: “The Donald Trump and Kamala Harris campaigns both debuted new commercials Tuesday that attempt to win support fo,neutral
Can Kamala Harris’ Cameo on ‘Saturday Night Live’ Swing an Election?,"By Matt Solomon Published: November 03rd, 2024",neutral
Beyoncé has officially endorsed Kamala Harris. Will it matter?,"Beyoncé wasn’t just on the playlist at Vice President Kamala Harris’s Houston rally on Friday, she was also a special guest. The question is just how much Beyoncé can help Harris. The rally in deep-red Texas comes as the vice president finds herself in a dead…",neutral
"Arnold Schwarzenegger Endorses Kamala Harris, Despite Not Liking 'Either Party'",Arnold Schwarzenegger is breaking from his political party by endorsing Kamala Harris ahead of Election Day ... warning another Trump administration would be disastrous for the country. The actor and former politician posted a lengthy letter…,positive
"Jennifer Lopez Endorses Kamala Harris for President, Blasts Trump","Kamala Harris trotted out another major celebrity endorsement on Thursday — and this time it was Jennifer Lopez, who blasted Donald Trump for throwing what many perceived as a racist rally at Madison Square Garden. The Democratic presidential…",positive
Kamala Harris Directs Medics to Person in Crowd at Rally,"Kamala Harris says she's always looking out for her own ... putting her rally on pause to direct medics to someone who needs help -- and, saying that's what leadership's all about. The veep hosted a star-studded rally in Atlanta Saturday ... and,…",positive
Joe Rogan Still Negotiating Possible Interview With Kamala Harris,"Joe Rogan may interview Kamala Harris after all ... but he'll only do it on his terms. The popular podcaster took to ""X' on Tuesday to give an update on his negotiations for a possible face-to-face with the Democratic presidential nominee. Joe…",neutral
TMZ TV Hot Take: Mel Gibson Goes After Kamala Harris' IQ,"Mel Gibson has made it clear he's not voting for Kamala Harris come November 5 ... the actor took shots at the Vice President's IQ, comparing it to ""a fence post."" The Oscar winner doled out his unfiltered opinion about the Presidential hopeful…",negative
Cardi B Fires 'Up' Crowd at Kamala Harris Rally in Milwaukee,"Cardi B is doubling down on her endorsement of Kamala Harris ... speaking at the Democratic nominee's rally in Milwaukee, Wisconsin Friday evening. The rapper hit the podium to address the crowd at the campaign event ... which also featured…",positive
Michelle Obama Blasts Donald Trump's 'Gross Incompetence' at Kamala Harris Rally,"Michelle Obama says Donald Trump's not competent enough to be president ... blasting the former prez for the mistakes she feels he made in his first term -- and, saying he straight-up tried to steal the job. The former First Lady of the United…",positive
TMZ TV Hot Takes: Kelly Rowland Upstages Beyoncé at Kamala Harris Rally,"Kamala Harris brought out the big guns for a big rally in Texas ... but it was Kelly Rowland, and not Beyoncé, who stole the show ... at least that's the takeaway from our ""TMZ on TV"" crew. Kelly introduced Beyoncé, who introduced Kamala in…",neutral
Tina Knowles Lands in NYC After Taking 'Black Jobs' Dig at Kamala Harris Rally,"Tina Knowles wasn't in Houston for long ... flying back from her home state to New York City early Saturday -- hours after firing off about Donald Trump's ""Black jobs"" comment. Beyoncé's mom touched down at LaGuardia Airport Saturday morning…",positive
Watch Beyoncé’s Speech At Kamala Harris Rally In Houston,"In August, rumors about Beyoncé performing at the DNC got out of hand. She didn’t wind up making an appearance, but on Friday (Oct. 25) she gave a speech at Kamala Harris’ rally in the superstar’s hometown of Houston, offering her endorsement.",positive
Beyoncé and Kelly Rowland Support Kamala Harris at Houston Rally,Beyonce supported Kamala Harris at her campaign rally on Friday night.,positive
"Don Omar Endorses Kamala Harris, Calls Trump ‘Truly Worrying’","""Trump has made it clear, time and again, what he thinks of us,"" the Puerto Rican artist writes, days after racist remarks about the country were made at a Trump rally in New York",positive
This Baseball Cap Celebrates the Dodgers’ Win (and Maybe a Kamala Harris Win Too),"The 'KamaLA' hat combines the VP's name with the Dodgers logo, making for a great pickup whether you're cheering for the team, the presidential candidate, or both",positive
Reese Witherspoon Votes for Kamala Harris: ‘Protect Democracy at All Costs’,"""Top of my mind, as I considered all candidates, is protecting women’s rights to medical privacy and reproductive choice,"" Witherspoon said",positive
‘SNL’ Cold Open: The Real Kamala Harris Gives Herself a Pep Talk,"""You can do something your opponent cannot do. You can open doors,"" the VP tells Maya Rudolph",neutral
"Lady Gaga, Katy Perry, Oprah Winfrey Set for Kamala Harris’ Election Eve Pennsylvania Rallies","Gaga, the Roots, Winfrey, Jazmine Sullivan and more will take stage in Philadelphia, while Perry and Andra Day will appear along vice president at Pittsburgh rally on Monday night",neutral
‘For the Love of My Country’: Sarah Jessica Parker Endorses Kamala Harris and Tim Walz,"""For me, for love, for choice, and for a certain childless cat lady I play on TV with an abundance of joy, optimism and pride I am voting for Vice President Kamala Harris and Governor Tim Walz,"" actress wrote",positive
Watch Cardi B at Kamala Harris Rally: ‘People Like Donald Trump Don’t Believe Women Deserve Rights’,"""Do we really trust this man with our economy? A man who only cares only about making himself rich and cutting taxes for his billionaire friends,"" rapper says in Milwaukee speech",positive
"GloRilla Endorses Kamala Harris, Lists Four Reasons to Vote for the Democratic Candidate","The Memphis-born rapper previously visited the White House in March, snapping a selfie with the Vice President",positive
New Radicals Reunite for Kamala Harris on ‘Forward (We’re Not Going Back!)’,"New Radicals reunite for Kamala Harris on 'Forward (We're Not Going Back!), with a new 2024 campaign video featuring from Jeff Bridges, Barack Obama.",positive
Kamala Harris Secures Coveted Violent J Endorsement,"Election Day is two weeks away, and we all have the same question on our minds: Who is Violent J voting for? Lucky for us, Troy Iwata trekked to the Gathering Of The Juggalos in August and found out who the Insane Clown Posse member and his fans will be casti…",positive
"Watch Bruce Springsteen Play His Hits For Howard Stern, Kamala Harris Rally","Bruce Springsteen had a busy day yesterday. Today marks the release of Road Diary, the new documentary about Springsteen’s recent tour with his E Street Band; it’s streaming on Hulu and Disney+ now. To promote that documentary, Springsteen sat for a long inte…",neutral
Barack Obama Raps “Lose Yourself” After Introduction By Eminem At Kamala Harris Rally,"The 2000s! What a decade! What a great time! One day, we’ll all tell our grandkids that we lived through the 2000s, and we will watch as respect just emanates from their eyeballs. We should make sure that the 2000s never, ever die. Anyway, Eminem introduced B…",neutral
"Kamala Harris Announces Madison Rally With Gracie Abrams & The National, Tim Walz Courts Midwest Emo Vote","Election Day is fast approaching, and Kamala Harris is quickly filling out her schedule leading up to Nov. 5. In the past few days alone, she’s hosted rallies featuring notable guest speakers and performers such as Barack Obama, Eminem, Bruce Springsteen, and…",neutral
"Bruce Springsteen, Eminem Will Appear At Kamala Harris Rallies In Swing States","Bruce Springsteen and Eminem both have made some pretty scathing remarks against Donald Trump. That’s good. Still, they’re both white guys from working-class backgrounds who became some of the best-selling artists of all time; both Democrats and Republicans l…",positive
"Bad Bunny, Luis Fonsi, Ricky Martin, & Other Puerto Rican Pop Stars Endorse Kamala Harris Following Racist Jokes At Donald Trump Rally","Donald Trump held a rally at Madison Square Garden Sunday night, and some of the comments made there were maybe even more racist than usual. A self-proclaimed comedian named Tony Hinchcliffe started the rally with a brief set in which he told the crowd: “I do…",positive
‘Saturday Night Live’ Highlights: Vice President Kamala Harris Plays Opposite Vice President Kamala Harris,"Taking a slight detour from swinging through swing states, the presidential hopeful joined the cast in Studio 8H for a cold open that allowed us to laugh and hope in spite of pre-Election Day anxiety and dread.",positive
Bill Gates dropped a cool $50 million backing Kamala Harris,"Bill Gates has quietly donated about $50 million to a group working to elect Vice President Kamala Harris in next month’s presidential election, according to a new report.Read more...",positive
"Let's compare Donald Trump and Kamala Harris on AI, crypto, and Big Tech",It’s not surprising that technology regulation is an important issue in the 2024 presidential campaign.Read more...,neutral
"How Donald Trump and Kamala Harris compare on space policy, according to an expert","The next president of the United States could be the first in that office to accept a phone call from the Moon and hear a woman’s voice on the line. To do so, they’ll first need to make a series of strategic space policy decisions. They’ll also need a little …",neutral
Jamie Dimon as Treasury Secretary under Kamala Harris? The JPMorgan chief might just be into it,JPMorgan Chase (JPM) chief Jamie Dimon has publicly praised former President Donald Trump while being careful to stay neutral in this year’s presidential election. But he has privately expressed support for Vice President Kamala Harris’ campaign — and even an…,neutral
Ray Dalio doesn't like the choice between Kamala Harris and Donald Trump,Bridgewater Associates founder Ray Dalio isn’t too thrilled about the prospect of either a Kamala Harris or (second) Donald Trump administration.Read more...,neutral
Michael Bloomberg voted for Kamala Harris 'without hesitation' — and slammed Trump's 'ignorance',"Billionaire and major Democratic donor Michael Bloomberg said he voted for Vice President Kamala Harris “without hesitation,” accusing former President Donald Trump of making the U.S. look like a banana republic.Read more...",positive
What will happen to Bitcoin if Donald Trump or Kamala Harris win the election? Here's what to know,"Bitcoin is holding strong at $72,000, poised for a potential new all-time high just a week before the U.S. elections — an event that many traders anticipate will boost market optimism, irrespective of the outcome. Read more...",neutral
Kamala Harris comes out swinging against Trump at Georgia rally,Democratic presidential candidate Kamala Harris calls Republican candidate Donald Trump ‘unstable’.,neutral
US election: Why is Kamala Harris losing Indian American voters?,She could become the Indian American president. So why is she bleeding votes - to Trump's advantage?,negative
How Republican-linked ads stir Israel tensions to undermine Kamala Harris,"Ad campaign focused on Gaza in key swing states invokes 'anti-Semitic and anti-Arab' bigotry, advocate says.",negative
"Kamala Harris, Donald Trump rallying in Wisconsin in final US election push",Rival presidential candidates remain locked in a tight race four days before election day.,neutral
Donald Trump sues CBS over ‘misleading’ interview with rival Kamala Harris,Lawsuit against 60 Minutes demands $10bn in damages and claims footage was edited.,negative
Trump courts Muslim voters as Kamala Harris holds rival rally in Michigan,Donald Trump appealed to Muslim voters in the battleground state of Michigan as Michelle Obama endorsed Kamala Harris.,neutral
Why has Kamala Harris downplayed her gender and race in US election campaig,"Experts say that Harris has avoided highlighting 'identity politics', as election rivals paint her as a 'DEI hire'.",neutral
Kamala Harris Expected to Appear on ‘SNL’ in Bid for White House,"Who needs Maya Rudolph when you can show off the real thing? U.S. Vice President and Democratic presidential candidate Kamala Harris is expected to appear on “Saturday Night Live,” according to a person familiar with the matter, the latest Oval Office hopeful…",neutral
Kamala Harris makes surprise appearance on SNL... Developing...,"Kamala Harris makes surprise appearance on SNL... Developing...          (Top headline, 1st story, link)              Related stories:MELTDOWN: THE DON SEETHING; THREATENS TO 'KNOCK PEOPLE OUT'...  VIDEO...  'MY BEAUTIFUL WHITE SKIN'...  SIMULATES ORAL SEX ON…",neutral
Michigan Muslim Was Booted From a Kamala Harris Rally. Then Team Trump Asked Him to Star in a Campaign Ad.,Ahmed Ghanim said no thanks — but the ejection could be the kind of thing that drives Arab and Muslim voters to Trump. The post Michigan Muslim Was Booted From a Kamala Harris Rally. Then Team Trump Asked Him to Star in a Campaign Ad. appeared first on The In…,negative
Beyoncé is rallying with Kamala Harris in Houston. Will it make a difference?,"Celebrity endorsements probably don't make much of a difference, experts told BI, but in a historically tight race there could be caveats.",neutral
"Economic concerns are top of voters' minds, but Kamala Harris is choosing a different path for her closing argument","Kamala Harris is betting voters can hear two messages at once, but she is leaning hard into anti-Trump attacks in the final weeks before Election Day.",neutral
Cardi B To Join Kamala Harris At Milwaukee Rally,"Cardi B will make remarks at a Milwaukee rally with Kamala Harris on Friday, as the vice president’s campaign makes its final get-out-the-vote push ahead of Nov. 5. The event will feature performances by Gorilla, Flo Milli, MC Late, The Isley Brothers and DJ …",neutral
"Leonardo DiCaprio Endorses Kamala Harris, Says Donald Trump “Continues To Deny The Facts” Of Climate Change","Leonardo DiCaprio endorsed Kamala Harris in a video posted to Instagram today, saying that her rival Donald Trump “continues to deny” the facts and science behind climate change. DiCaprio opened the video by noting that the devastating hurricanes that struck …",positive
Arnold Schwarzenegger Says He’s Voting For Kamala Harris And Tim Walz,"Arnold Schwarzenegger wrote on X today that he has voted for Kamala Harris and Tim Walz, saying that he “will always be an American before I am a Republican.” The former GOP California governor wrote, “Let me be honest with you: I don’t like either party righ…",positive
VP Hits ‘SNL’: Kamala Harris To Appear With Maya Rudolph On Last Show Before Election,"Saturday Night Live viewers are going to be seeing double tonight when it comes to the Vice President of the United States. Kamala Harris will be appearing on the NBC late night show on Saturday, Deadline can confirm from campaign sources. Making an unschedul…",neutral
Sarah Jessica Parker Refers To “Childless Cat Lady” Character Carrie Bradshaw As She Endorses Kamala Harris,"Sarah Jessica Parker announced her endorsement of Kamala Harris in an Instagram post today that made reference to her Sex and the City character Carrie Bradshaw. She wrote, “For the climate, For hope, For friends and loved ones in the LGBTQ+ community, For fr…",positive
Eminem And Bruce Springsteen To Appear At Kamala Harris Rallies As Campaign Ramps Up Final Push,"Kamala Harris’ campaign is lining up a series of music giants to appear or perform at campaign events in the final weeks before election day. Eminem will introduce Barack Obama at an event in Detroit this evening, according to CNN. Bruce Springsteen will perf…",neutral
"CNN’s Kamala Harris Town Hall Drew At Least 3.2 Million Viewers, Early Numbers Show","CNN’s town hall with Kamala Harris drew at least 3.2 million viewers, giving the network a big bounce from its regular audience in the 9 p.m. time period. The viewership likely will rise when final numbers come in later this afternoon. That figure is still we…",positive
LeBron James Endorses Kamala Harris In 2024 Presidential Race: “Hate Takes Us Back”,"NBA superstar LeBron James endorsed Kamala Harris for president, posting on Instagram that the “choice is clear” in the election. This afternoon, James posted a video of Donald Trump using extreme and violent rhetoric. The video also included a clip of comedi…",positive
“Disappointing”: Kamala Harris Comments On Washington Post And Los Angeles Times Decisions To Not Endorse,"With one week until the election, Kamala Harris called in to Charlamagne Tha God’s The Breakfast Club, and was asked about the decision by The Washington Post and the Los Angeles Times to not endorse a presidential candidate this cycle. “It’s disappointing, n…",neutral
Joe Rogan Open To Kamala Harris Podcast Interview But Only If She Travels To Him,"Joe Rogan has said he “really” hopes he can make a podcast interview with Democrat Presidential candidate Kamala Harris happen, but he wants to set the terms of engagement. In a message on social media, Rogan wrote that Harris had “not passed on doing the pod…",neutral
"Bad Bunny Backs Kamala Harris, Shares Video Of Her Talking About Her Plans For Puerto Rico","Bad Bunny, the Puerto Rican recording artist, is supporting Kamala Harris in the 2024 presidential election, as he shared a video of her plans for the U.S. territory. Benito Antonio Martínez Ocasio’s endorsement came as Donald Trump held a rally at Madison Sq…",positive
"This Week On The Campaign Trail: Kamala Harris Headlines CNN Town Hall, Donald Trump Goes To Madison Square Garden","Kamala Harris and Donald Trump will continue their media blitz this week, as they start to offer their closing campaign messages with just 15 days remaining. Here’s a glimpse at their schedules, with additional events and media appearances expected to be adde…",neutral
Eminem Tells Rally Kamala Harris Will Protect Freedom Of Speech: “People Shouldn’t Be Afraid To Express Their Opinion”,"Eminem made brief remarks at a Kamala Harris rally in Detroit this evening, as he talked of fears that people have of retribution for expressing their opinion and his belief that she would protect freedom of speech. On stage to introduce former President Bara…",positive
The Last Word: Kamala Harris’ Closing Argument Ellipse Speech Bashes “Obsessed With Revenge” Donald Trump With One Week Until Election,"A week from today the first Election Night results will be just hours away, but tonight Kamala Harris plans to double down on her critique and contempt for Donald Trump in the very place where the former president riled up the MAGA mob to attack the Capitol o…",neutral
"‘The Avengers’ Reunite: Scarlett Johansson, Chris Evans & Robert Downey Jr. & More Marvel Stars Endorse Kamala Harris Against Donald Trump","Scarlett Johansson made a call and assembled The Avengers to defeat Donald Trump in the upcoming presidential election and vote for Kamala Harris. In a video shared by Mark Ruffalo, the Hulk in the Marvel Cinematic Universe, the actors expressed their support…",positive
"Jennifer Lopez, At Kamala Harris Rally, Says Donald Trump’s Madison Square Garden Event Offended “Humanity And Anyone Of Decent Character”","Jennifer Lopez made a passionate case for Kamala Harris at a Las Vegas rally tonight, while chiding Donald Trump for bringing a parade of speakers to a Madison Square Garden event earlier this week who made racist jokes and sexist remarks. Trump “has consiste…",positive
Donald Trump Tries To Command News Cycle With Lawsuit Against CBS Over Kamala Harris’ ’60 Minutes’ Interview,"In the waning days of the presidential campaign, Donald Trump has sued CBS over the way that 60 Minutes edited an interview with Kamala Harris. The lawsuit, filed in U.S. District Court in Amarillo, TX, seeks $10 billion in damages and is just the latest liti…",negative
’60 Minutes’ Says Donald Trump Has Made False Claim That Its Kamala Harris Interview Was Deceitfully Edited,"After Donald Trump’s continued attacks, 60 Minutes issued a statement today in which pushed back on the former president’s claim that its interview with Kamala Harris was deceitfully edited. Trump has continuously blasted the show and CBS, even calling for th…",neutral
"Donald Trump’s Madison Square Garden Rally Opens With Speakers Ranting About “F—ing Illegals,” Puerto Rico A “Floating Pile Of Garbage” And Kamala Harris As The “Antichrist”","Donald Trump’s rally today at Madison Square Garden was marked by an opening lineup of speakers who joked about Puerto Rico being a “floating pile of garbage,” ranted about “f—ing illegals” and declared that Kamala Harris was the “antichrist.” The extreme rhe…",negative
"Cardi B, At Kamala Harris Rally, Warns Of Donald Trump’s “Plan To Hustle You”; Rapper Says She Didn’t Plan To Vote Until VP Entered Race","Speaking at a rally for Kamala Harris tonight, Cardi B blasted Donald Trump as a “hustler” with a “plan to hustle you,” warning that he doesn’t “believe women deserve rights.” The rapper and songwriter also explained why she endorsed Harris, telling the Milwa…",positive
Kamala Harris Seizes On John Kelly’s “Fascist” Comments About Donald Trump In Effort To Make Story Resonate In A Fractured Media Landscape,"All three major cable news networks carried Vice President Kamala Harris’ brief remarks on the latest twist in the presidential campaign: John Kelly, Donald Trump’s former chief of staff, going on record via audio to say that the Republican nominee “certainly…",positive
Kamala Harris’ Las Vegas Sphere takeover is a shining branding move,The Democratic campaign hits the big screen.,,positive
Cardi B Slams Elon Musk For Calling Her A “Puppet” For Kamala Harris: “Fix My Algorithm”,Grammy-winning rapper Cardi B hit back at Tesla CEO Elon Musk after he called her a “puppet” for the Kamala Harris campaign. In the social media dust-up — made on Musk’s own X platform — a right-wing account posted a clip of the “WAP” singer at a Milwaukee ra…,neutral
Donald Trump Is “So Disappointed” In Julia Roberts For Narrating Kamala Harris Ad,"With three days until the presidential election, Donald Trump is taking aim at Julia Roberts over her support of Kamala Harris. On Saturday, the former president called into Fox & Friends, where he criticized the Oscar winner for narrating a recent Vote Commo…",neutral
Harrison Ford Endorses Kamala Harris: “A President Who Works For All Of Us”,"With three days until the presidential election, Harrison Ford is getting out the vote for Kamala Harris and Tim Walz. On Saturday, the Academy Award nominee announced his endorsement for the Democratic nominee and her running mate in two heartfelt video stat…",positive
Queen Bey & The VP: Beyoncé To Appear With Kamala Harris In Texas Tomorrow,"Beyoncé has long allowed Kamala Harris to use her ‘Freedom’ song as the Vice President’s campaign soundtrack, but now Queen Bey is hitting the stage in person as the close White House race goes into its final days. The 32-Grammy winning superstar with appear …".,neutral
Jennifer Lopez To Join Kamala Harris At Las Vegas Campaign Rally; Maná To Perform,"Jennifer Lopez will join Vice President Kamala Harris at a “When We Vote We Win” rally in Las Vegas on Thursday, October 31. Lopez, we’re told, will speak on the importance of voting, what’s at stake for the country with this election and why she is endorsing…",positive
Beyoncé Delivers Upbeat Message In First Campaign Appearance With Kamala Harris: “It’s Time For America To Sing A New Song”,"Beyoncé delivered an upbeat message as she made her first campaign appearance with Kamala Harris, who has adopted her song Freedom as an anthem for her presidential bid. The music superstar called Harris “a woman who has been pushing for what this country rea…",positive
“Bulls—“: Charlamagne Tha God And Anderson Cooper Spar Over Network’s Coverage Of Donald Trump Vs. Kamala Harris,"Charlamagne Tha God and Anderson Cooper used expletives at points as they engaged in a spirited debate over how CNN and other networks have covered Donald Trump versus Kamala Harris. On AC 360 on Thursday, Cooper made the point that when it comes to Trump, “i…",neutral
"Bruce Springsteen Performs At Kamala Harris Rally, Tells Crowd That Donald Trump Is Running To Be “An American Tyrant”","Bruce Springsteen, performing for the first time for Kamala Harris’ presidential campaign, said that Donald Trump “is running to be an American tyrant.” “He does not understand this country, its history, or what it means to be deeply American,” Springsteen to…",positive
"Jennifer Aniston Casts Vote For Kamala Harris: “Let’s Please End This Era Of Fear, Chaos & Attacks On Our Democracy”","Jennifer Aniston shared that she has cast her vote in the 2024 presidential election and supports Kamala Harris and Tim Walz. In a social media post, the Friends alum shared why she was backing the Democratic nominees. “Today not only did I vote for access to…",positive
FCC Commissioner Claims Kamala Harris’ ‘SNL’ Cameo Was A “Clear And Blatant” Effort To Evade Equal Time Rule,"FCC Commissioner Brendan Carr claimed that Kamala Harris’ cameo on Saturday Night Live was a “clear and blatant effort” by the show to evade the FCC’s Equal Time Rule. Carr wrote on X, “The purpose of the rule is to avoid exactly this type of biased and parti…",negative
"Donald Trump Is A Fascist, Kamala Harris Tells CNN Town Hall; VP’s Blunt Answer Follows Ex-POTUS Expressing Admiration For “Hitler’s Generals”","“He’s just putting out a 911 call to the American people …if Donald Trump were back in the White House,” said Vice President Kamala Harris today at CNN’s live town hall of recent remarks by the ex-POTUS’ longest serving chief of staff General John Kelly about…",neutral
"‘Grotesquerie’ Star Niecy Nash-Betts Unpacks Finale, Shares Hopes For Season 2 & Explains Why Lois Is “One And The Same” With VP Kamala Harris","SPOILER ALERT! This post contains details from the finale of FX’s Grotesquerie. It looks like Lois may never be making it to Florida after all. The finale of FX’s Grotesquerie felt, in some ways, like the 10 episodes came full circle, with Niecy Nash-Betts pu…",neutral
Sacha Baron Cohen Revives Ali G And Borat During ‘Tonight Show’ Appearance To Ask Questions To Donald Trump And Kamala Harris,Sacha Baron Cohen revived his Ali G and Borat characters during a guest appearance Thursday on The Tonight Show Starring Jimmy Fallon. The setup was Fallon’s question of how each character would ask at a presidential debate if they were to moderate such an ev…,neutral
CBS News Attorney Responds To Donald Trump Lawsuit Threat Over Kamala Harris’ ’60 Minutes’ Interview: “No Private Right Of Action Exists”,"An attorney for CBS News responded to a legal threat from Donald Trump’s team, writing that there was “no legal basis” for a demand that the network turn over an unedited transcript of a 60 Minutes interview with Kamala Harris. Trump has called for CBS to los…",neutral
"Mel Gibson Maligns Kamala Harris As Having “IQ Of A Fence Post”; ‘Mad Max’ Star Supporting Donald Trump In Tight Election, He Says","Just a few days ago, Andrew Garfield praised his Hacksaw Ridge director Mel Gibson for the “beautiful healing with himself” the Oscar winner has done over the year. Based on comments Gibson made today at LAX about the Vice President of the United States, the …",negative
Kamala Harris Draws Sharp Contrast With Donald Trump In Closing Argument Speech: “We Are Not A Vessel For The Schemes Of Wannabe Dictators”,"Kamala Harris drew a sharp contrast with Donald Trump as she made her closing argument with the backdrop of the White House, telling a massive crowd at the Ellipse that the election is a choice between a hopeful future and chaos and division. “These United St…",positive
Kamala Harris and Donald Trump offer worlds-apart contrasts on top issues in presidential race,"This year's U.S. presidential election contrasts Kamala Harris's vision of expanded social and climate policies with Donald Trump's focus on deregulation, fossil fuels, and strong immigration controls, reflecting stark differences on issues like abortion, dem…",positive
"Kamala Harris expected to appear on SNL, say U.S. media reports","U.S. Vice-President Kamala Harris has made an unannounced trip to New York to appear on Saturday Night Live, briefly stepping away from the battleground states where she's been campaigning with just three days to go before the election.",neutral
A photo of Kamala Harris in a McDonald’s uniform is fake,Vice President Kamala Harris has told voters she worked at McDonald’s as a nod to her middle-class upbringing. Former President Donald Trump has repeatedly said without evidence that she is […] The post A photo of Kamala Harris in a McDonald’s uniform is fake…,neutral
"As Kamala Harris makes final appeal to U.S. voters in Philly, her supporters hope it's a seismic moment","Kamala Harris is holding her final campaign rally in Philadelphia on Monday night. While Harris herself has downplayed the historic nature of her candidacy, on the evening before election day, her supporters told CBC News it feels like a significant moment.",neutral
"Republican Liz Cheney Campaigns For Kamala Harris In Oakland, Michigan","The event, moderated by former California First Lady Maria Shriver, was focused on bridging political differences and defending democratic values.",positive
The Kamala Harris Record On Fracking And Leasing Is Clear,Kamala Harris's record on fracking and other key oil and gas issues is clear. But her campaign promises are often at odds with it.,negative
"Beyoncé Will Appear At Kamala Harris Rally Tomorrow, Report Says",Beyoncé’s song “Freedom” has served as Vice President Kamala Harris’ campaign anthem since she announced her candidacy this summer.,neutral
"Kamala Harris’ Order For McDonald’s: Costly Regulations, High Taxes","Despite the many references to McDonald’s during this cycle, there has been little discussion about how one of the two major parties is attacking the franchise model.",negative
Kamala Harris Art Stencils Recall Iconic Obama ‘Hope’ Posters,Brandon Litman creates art stencils of Kamala Harris to engage voters and build community. Political art stencils have been popular worldwide since the 1920s.,positive
Kamala Harris Has More Billionaires Prominently Backing Her Than Trump—Bloomberg Reportedly Gives Another $50 Million To Help Harris (Updated),Michael Bloomberg's reported commitment to Democrats is up to almost $100 million this cycle.,positive
"Bill Gates Donated $50 Million To Nonprofit Supporting Kamala Harris, Report Says",Gates has not publicly endorsed Harris despite backing a nonprofit organization supporting her presidential campaign.,positive
"Kamala Harris Has More Billionaires Prominently Backing Her Than Trump—Buffett, Gates Weigh In (Updated)",The historically apolitical centibillionaires Warren Buffett and Bill Gates are taking different paths this election cycle.,positive
Inside New Minnesota Poll Showing Kamala Harris With Narrow 3-Point Edge Over Trump,"On ""Forbes Newsroom,"" Ana Radelat, the Washington Correspondent for MinnPost, discussed a new MinnPost-Embold Research poll showing Harris slightly ahead of Trump in MN.",positive
Chappell Roan Debuts New Song & Kamala Harris Stops By On John Mulaney Led ‘SNL’,Mulaney has been a favorite host at Studio 8H and appeared with Chappell Roan and VP Kamala Harris.,neutral
‘Couch Potato Voters’ Could Help Trump Defeat Kamala Harris: Top Pollster,"On ""Forbes Newsroom,"" HarrisX Founder and CEO Dritan Nesho discussed a new HarrisX/Forbes Poll showing a statistically tied race for the presidency between vice president Kamala Harris and former president Donald Trump.",neutral
Here Are The Billionaires Donating To Kamala Harris' Super PAC | Forbes Topline,"After emphasizing bipartisanship and staying away from big political donations for decades, Bill Gates recently donated about $50 million to the nonprofit arm of a super PAC supporting Kamala Harris, the New York Times reported on Tuesday. He?s far from the o…",positive
Beyoncé At Kamala Harris Houston Rally: “It’s Time To Sing A New Song”,"Beyoncé formally endorsed Vice President Kamala Harris in her hometown Houston, Texas on Friday, October 25.",positive
Why Eminem's Endorsement Of Kamala Harris Would Be A Big Deal As She Targets Michigan Voters,"Eminem, a Detroit native, is a frequent critic of former President Donald Trump and previously allowed President Joe Biden to use his music in a campaign ad.",positive
I Played The Kamala Harris ‘Fortnite’ Questline And Here’s What I Found,"In an effort to get the youths to Pokémon GO to the polls, Kamala Harris’ campaign has designed a custom Fortnite map.",neutral
Kamala Harris Has More Billionaires Prominently Backing Her Than Trump—Bezos And Griffin Weigh In (Updated),"""Even though I have plenty of disagreements with their platform...I am voting for Kamala Harris and Tim Walz,"" Schwarzenegger, the former Republican governor of California, wrote Wednesday.",positive
"Kamala Harris Has More Billionaires Prominently Backing Her Than Trump—Steve Ballmer, Jamie Dimon Weigh In (Update)","You won't find endorsements from tech centibillionaires like Steve Ballmer, Jeff Bezos or Bill Gates, but many of the nation's richest have weighed in on the election.",positive
"Kamala Harris Has More Billionaires Prominently Backing Her Than Trump—Microsoft’s Bill Gates, Steve Ballmer Weigh In (Update)","Bill Gates reportedly donated $50 million to a PAC backing Harris, a surprise move for the historically nonpartisan Microsoft cofounder.",positive
"Kamala Harris Has More Billionaires Prominently Backing Her Than Trump—Warren Buffett, Bill Gates Weigh In (Update)",The historically apolitical centibillionaires Warren Buffett and Bill Gates are taking different paths this election cycle.,positive
Here Are The Other Billionaires Donating To The Same Pro-Kamala Harris Super PAC As Bill Gates,"Gates’ donation to the PAC was done through dark money, but other billionaires including Netflix cofounder Reed Hastings contributed publicly to the PAC.",positive
270 Reasons: Because Kamala Harris Is an Ally to the Queer Community,"Our friends at 270 Reasons are gathering a polyphonic orchestra of brilliant writers, teachers, doctors, filmmakers, artists, and citizens of all kinds to weigh in about their plans to vote this November. These opinion essays run the gamut from advocacy for b…",positive
"We Didn’t Vote for Kamala Harris Back in 2024, and Now We’re Stuck in This MAGA Work Camp on Mount Rushmore","Sometime in the future, three prisoners from the Keystone MAGA Work Camp carve President Trump’s likeness into Mount Rushmore. PROTEST VOTER: You know what I thought when I woke up this morning, facing yet another day of carving President Trump’s head into Mo…",positive
Editorial Writers at L.A. Times & WaPo Resign After Billionaire Owners Block Kamala Harris Endorsements,"The Los Angeles Times and The Washington Post announced that they would not be endorsing anyone in the U.S. presidential election this year, breaking decades of precedent and overriding planned endorsements of Kamala Harris. The decisions were ordered by the …",neutral
Trump sues CBS over Kamala Harris interview,"Republican presidential candidate Donald Trump sued CBS on Thursday over an interview of his Democratic rival Kamala Harris aired in early October that the lawsuit alleged was ""doctored"" and misleading, according to a court filing. The filing was made in the …",neutral
New Polls Show Kamala Harris' Chances of Winning Michigan,"The battle for Michigan remains extremely close between Vice President Kamala Harris and former President Donald Trump, although a handful of polls in recent weeks have shown positive signs for Democrats. The Great Lakes State is among a handful of contests t…",positive
Map Shows Kamala Harris and Donald Trump's Final Campaign Stops,"In the final days leading up to the November 5 election, both Vice President Kamala Harris and former President Donald Trump are making critical campaign stops in battleground states, fighting for every last undecided voter. There is a broad feeling of uncert…",neutral
How Mormons Could Be Kamala Harris' Secret Weapon in Arizona,"Traditionally conservative members of the Church of Latter-day Saints in Arizona are being turned off from former President Donald Trump, in part because of his language around immigrants. With around 400,000 Mormons in the battleground state — roughly 6 perc…",positive
Kamala Harris sharpens her campaign message in primetime Washington speech,"The News Kamala Harris summed up her campaign pitch with the largest rally of the cycle — at the White House ellipsis, with the office she wants to take over glowing right behind her. “My presidency will be different because the challenges we face are differe…",positive
Kamala Harris Gains Momentum as Campaigns Head into Homestretch,"Recent polls, surveys and betting odds show that Harris' presidential campaign has gained steam ahead of Election Day.",positive
"Kamala Harris Is Outperforming in Battleground States, Polls Suggest","Vice President Kamala Harris is performing better in battleground states than she is nationally, according to polling. A CNBC poll conducted between October 15 and 19 among 1,000 voters nationwide showed that nationally, former President Donald Trump held a 2…",positive
Kamala Harris Gets Bad News From Georgia's Black Voters,"Kamala Harris' support from Black voters in Georgia is substantially less than Joe Biden's in 2020, according to a new poll.",negative
Archbishop Exiled by Pope Francis Says Kamala Harris 'Obeys Satan',"Carlo Maria Viganò, an archbishop that was excommunicated by Pope Francis, in a new letter addressed to American voters wrote that Vice President Kamala Harris, the Democratic nominee, ""obeys Satan."" ""In this election you must choose between two radically opp…",negative
Beyoncé Fails to Deliver Odds Boost for Kamala Harris,"Vice President Kamala Harris' odds of winning the 2024 presidential election have worsened over the past 24 hours, according to a leading bookmaker. On Friday, Betfair offered odds of 6/4 (40 percent) on Harris achieving victory on November 5, compared to 4/6…",negative
Kamala Harris Gets First Endorsement From George W. Bush's Family,"Vice President Kamala Harris has received her first endorsement from one of the nation's most dynastic Republican families. Barbara Pierce Bush, the daughter of former President George W. Bush and granddaughter of former President George H.W. Bush, spent the …",positive
Kamala Harris Makes Surprise Appearance on 'Saturday Night Live',"Vice President Kamala Harris made an unexpected detour to New York City, joining NBC's Saturday Night Live for the long-running comedy sketch show's final episode before Election Day. The surprise appearance, which came after Harris departed Charlotte, North …",neutral
Ripple Co-Founder Larsen Flooding Kamala Harris' Election Effort With XRP,Ripple co-founder and Executive Chairman Chris Larsen said he'd added another $10 million in the Ripple-tied token {{XRP}} in an effort to boost Vice President Kamala Harris as the Democrat faces off against former President Donald Trump in next month's elect…,positive
JD Vance Trolls Kamala Harris With One of Her Favorite Lines,"Ohio Senator JD Vance opened a town hall in North Carolina with a line parodying one of Vice President Kamala Harris' frequent remarks in public speeches. ""I grew up in a working-class family,"" the Republican vice presidential candidate began, pausing with a …",negative
Kamala Harris voters in Texas receive intimidating flyers signed by ‘Trump Klan’,"In an election year that has been filled with ugliness, things are getting even worse in the Texas Hill Country as a group or individual calling itself the “Trump Klan” is leaving messages threatening would-be voters for Kamala Harris. Law enforcement officia…",negative
Will Taylor Swift Appear at Kamala Harris' Pennsylvania Rally? What We Know,Rumors are circulating on social media that Taylor Swift could appear at a rally that Vice President Kamala Harris is reportedly holding in Pennsylvania on the eve of Election Day. Harris will be holding a rally in front of the iconic Philadelphia Museum of A…,neutral
"Kamala Harris May Flip State Donald Trump Won Twice, New Poll Suggests",A new poll from the Des Moines Register found a surprising reversal of fortunes for Donald Trump in a state he handily won twice.,positive
"Kamala Harris Bans Virtual Guns In Her Own ""Freedom Town"" Fortnite Game","Kamala Harris Bans Virtual Guns In Her Own ""Freedom Town"" Fortnite Game   In the digital era video games are the most consumed form of entertainment by far, and gamers who spent their formative years playing the first generation Nintendo, Sega and Playstation…",neutral
Kamala Harris Takes Two Point Lead Over Trump in Final Must-Win State: Poll,The vice president Kamala edges ahead of her Republican opponent in a Pennsylvania poll that was published on Sunday.,positive
Conservatives Angry With Julia Roberts Ad Urging Women To Vote For Kamala Harris: 'Nauseating',"An advertisement featuring Julia Roberts has sparked controversy. The ad encourages women to vote for Vice President Kamala Harris, irrespective of their husbands’ political inclinations. What Happened: The ad, released by the non-profit organization Vote Com…",negative
Kamala Harris Would Be Least Popular Democrat to Win Election in 64 Years,The vice president has also the highest unfavorable view by an opposing party.,negative
Kamala Harris could make history as America’s first woman president: What do women think about it?,"We're days away from what could be a historic election, in a highly unusual campaign season. America could get its first female president in Kamala Harris, a late entrant to the race. But unlike in 2016, when Hillary Clinton was the Democratic nominee for the…",neutral
Final Poll Flips to Donald Trump in Four-Point Swing From Kamala Harris,"Donald Trump has overtaken Kamala Harris in the final DailyMail.com/J.L. Partners national poll before Election Day, with a three-point lead over the vice president. The poll, released Thursday, showed Trump with 49 percent support among likely voters, while …",negative
Is Kamala Harris 'Giving Up' On North Carolina? What We Know,"One of Donald Trump's top political strategists has claimed the Kamala Harris presidential campaign is ""giving up on North Carolina"" after it was reported they had canceled over $1,700,000 of reserved television advertising in the battleground state. On Tuesd…",negative
Here’s how much more Kamala Harris could earn if she wins the election,"Kamala Harris is not in for much of a surprise when it comes to pay if she gets elected come this November. That’s because the presidential salary has stayed the same since before the 21st century—last changing in 1999, under the Clinton administration. Even …",neutral
Ex-Obama aide explains why Kamala Harris is losing Gen Z men to Donald Trump,"Vice President Kamala Harris is an outspoken fan of Gen Zers. But she’s lagging behind in young male support—which could be a big problem, Dan Pfeiffer, who was a senior advisor to former President Barack Obama, has warned. In a Tuesday appearance on CNN’s Th…",negative
Half of Voters Say Donald Trump Is a Fascist. Some Say Kamala Harris Is Too,"Half of Americans see former President Donald Trump as a fascist, according to a new ABC News/Ipsos poll, roughly twice as many who say the same of Vice President Kamala Harris. Less than two weeks before Election Day, 44 percent of registered voters said Tru…",positive
Why Kamala Harris made her 'closing argument' in front of the White House,"The setting was an explicit nod toward January 6, even if her speech wasn't mainly about that. Brendan Smialowski/AFP via Getty Images Harris delivered a ""closing argument"" speech at the same spot Trump held his January 6 rally. It was the VP's last chance at…",neutral
"Willie Nelson On Cannabis Reform, Kamala Harris, New Album, Cooking With Weed","Iconic singer and songwriter Willie Nelson, who is 91 years old, remains as passionate as ever as he speaks out against outdated marijuana laws and voices support for Kamala Harris , who he says will be good for most needed federal cannabis reform. ""There are…",positive
Who Is Ann Selzer? Pollster's Record as Iowa Poll Shows Kamala Harris Ahead,"Selzer, who accurately predicted Donald Trump's 2016 and 2020 Iowa wins, now has Harris three points ahead of him.",positive
"Donald Trump leads on immigration and inflation, Kamala Harris on abortion and health care",A recent poll finds that Americans think Kamala Harris would do a far better job handling LGBTQ issues and abortion while Trump would do a much better job handling immigration and the Israeli-Palestinian conflict.,neutral
"Elon Musk's PAC sends Republicans texts impersonating Kamala Harris without disclaimers, pushing policies Harris doesn't support, and ups its social ads spend","An Elon Musk-funded super PAC has expanded an advertising campaign in which it is impersonating Democrats and targeting registered Republicans with policies unpopular with conservatives they say Kamala Harris will pass if she wins the election. The policies, …",negative
[Removed],[Removed]
"Black, Latino, Women Healthcare Leaders Sign Letters In Support Of Kamala Harris","More than two dozen Black and Latino health tech leaders have endorsed Kamala Harris for president. Another group of over 500 women healthcare leaders has also come out in support of Harris. The post Black, Latino, Women Healthcare Leaders Sign Letters In Sup…",positive
Beyoncé Speaks on Her 3 Kids at Kamala Harris Rally in Houston,"Beyoncé is returning to her roots.  The “Texas Hold ‘Em” singer recently stepped out for a surprise appearance at Vice President Kamala Harris’ rally in her hometown of Houston.  ""I'm not here as...",neutral
Eminem Makes Surprise Cameo at Kamala Harris Campaign Rally in Detroit,"Eminem is making sure the real Barack Obama stands up. After all, the ""Lose Yourself"" rapper made an unexpected appearance to introduce the former president at the Oct. 22 rally for Democratic...",neutral
"As US politics goes totally off the rails, Kamala Harris says to hell with it, let's start a Fortnite map",2024 keeps giving.,negative
[Removed],[Removed]
[Removed],[Removed]
[Removed],[Removed]
[Removed],[Removed]
RealClearPolitics polling average has devastating news for Kamala Harris,"Just 11 days before Election Day, the RealClearPolitics average of polls is showing a tie between Republican former President Donald Trump and Democratic Vice President Kamala Harris. Both candidates have 48.5% of the vote, according to the RCP average. The a…",negative
Muslim group's poll spells disastrous news for Kamala Harris,A finding from a poll conducted by a Muslim civil rights group may explain why Democratic presidential candidate Kamala Harris is losing in some states with large Muslim populations.  The Center for American Islamic Relations said its poll found that Green Pa…,negative
Google helps voters find polling locations and track Kamala Harris vs Donald Trump election results,"As the 2024 U.S. general election approaches, many Americans are looking for straightforward ways to find reliable voting information. Fortunately, Google is offering helpful tools to make this process easier, allowing you to quickly locate key voting details…",neutral
"Crypto ETFs Look Unlikely to Expand Beyond Bitcoin, Ether Under Kamala Harris, Experts Say","Several prospective issuers have filed to launch exchange-traded funds tracking smaller coins like Ripple's XRP or Solana (SOL), but the trajectory of those applications may lie with American voters.",negative
Ripple Co-Founder Larsen Flooding Kamala Harris' Election Effort With XRP,Ripple co-founder and Executive Chairman Chris Larsen said he'd added another $10 million in the Ripple-tied token {{XRP}} in an effort to boost Vice President Kamala Harris as the Democrat faces off against former President Donald Trump in next month's elect…,positive
Insane Clown Posse Endorse Kamala Harris,"Insane Clown Posse’s Violent J has endorsed Kamala Harris for president, telling The Daily Show, “I want her to win because she’s a Democrat, and I love my mom.”",positive
Bruce Springsteen Performs at Kamala Harris Rally in Atlanta: Watch,"Springsteen voiced his support for Harris and opposition to Trump, saying, ""Donald Trump is running to be an American tyrant."" Bruce Springsteen Performs at Kamala Harris Rally in Atlanta: Watch Jo Vito",positive
Beyoncé to Appear at Kamala Harris Rally in Houston Tomorrow: Report,Fans have long speculated whether the pop star would officially endorse the Democratic nominee. Beyoncé to Appear at Kamala Harris Rally in Houston Tomorrow: Report Jonah Krueger,neutral
Bad Bunny Endorses Kamala Harris Shortly After Tony Hinchcliffe’s Racist Joke About Puerto Rico,"The comedian and Kill Tony host referred to Puerto Rico a ""floating island of garbage in the middle of the ocean"" Bad Bunny Endorses Kamala Harris Shortly After Tony Hinchcliffe’s Racist Joke About Puerto Rico Scoop Harrison",positive
Bruce Springsteen to Play Kamala Harris Rallies in Atlanta and Philadelphia,Springsteen endorsed Kamala Harris for president earlier this month. Bruce Springsteen to Play Kamala Harris Rallies in Atlanta and Philadelphia Paolo Ragusa,positive
Kamala Harris' Winning Odds Rise on Polymarket; SEC Goes After Immutable,,positive
The Scalzi Endorsement: Kamala Harris for President,(Photo adapted from an official White House photo by Lawrence Jackson) This last week the billionaire owners of both the Washington Post and the Los Angeles Times prevented their newspaper editorial staffs from endorsing Kamala Harris for President of the Uni…,neutral
Fake Photo of Kamala Harris in Mcdonald's Uniform,The image turned up on social media amid a political kerfuffle over Vice President Kamala Harris' claim that she once worked at McDonald's.,neutral
Kamala Harris Meets 'Kamala Harris' For SNL's Cold Open,"Kamala Harris made a last minute stop on Saturday Night Live to do the cold open with Maya Rudolph, who has returned to SNL specifically to play KAMALA HARRIS. Having TWO Kamala's on screen, finishing each others sentences, was absolutely hilarious.  The elec…",neutral
"Elon's Closing Argument? ""Kamala Harris Is A C Word""","Is this really where we want our politics to be? If it is, vote Trump. If not, be an adult and make the right choice. Source: Mediaite The PAC founded by billionaire Elon Musk in support of Donald Trump dropped a new ad on Sunday labeling Vice President Kamal…",positive
"Elon's Closing Argument? ""Kamala Harris Is A C Word""","Is this really where we want our politics to be? If it is, vote Trump. If not, be an adult and make the right choice. Source: Mediaite The PAC founded by billionaire Elon Musk in support of Donald Trump dropped a new ad on Sunday labeling Vice President Kamal…",positive
Feeling Anxious About The Election? Kamala Harris Has Advice,"In Royal Oak, Michigan, Maria Shriver met with Liz Cheney and Kamala Harris and asked the Vice President how she's handling the anxiety surrounding the upcoming November election. The two joked about gummies, and then Harris explained that, like most of us, s…",neutral
"WATCH LIVE: Kamala Harris At The Ellipse, Washington DC","NBC Washington (DC): The D.C. rally on the Ellipse may attract more than 52,000 people, D.C. Chief of Police Pamela Smith said Tuesday morning that organizers told her.   The Ellipse is where former President Donald Trump held his Stop the Steal rally on Jan.…",neutral
Shocking Earthquake Iowa Poll: Kamala Harris Leads Trump 47-43,"It's often said that the Selzer poll is the gold standard for polling in Iowa, the absolute single poll that everyone looks at. In fact, Ann Selzer may be the best pollster in America, period. Highly regarded for her integrity, she will release polls at odds …",positive
SNL Skewers Bret Baier's Very Bad Terrible Kamala Harris Interview,"Alex Baldwin came back to Saturday Night Live and instead of doing his Trump impression, he made Brett Baier his right wing patsy. During the very long and very funny cold opening, SNL exposed Baier and Fox News for the hypocrites and Trump propagandists they…",positive
CNN Gets Invested In So-Called Kamala Harris Plagiarism Scandal!,"Here's what CNN just published, claiming Harris lifted language from a Republican attorney when she testified in front of Congress in 2007: Experts CNN spoke with said that the instance, first reported by conservative news outlet the Washington Free Beacon on…",negative
Maria Bartiromo Worried Kamala Harris Won't Certify Electors,"Fox Business host Maria Bartiromo and much of the Republican party claimed VP Mike Pence had a duty and the right to refuse to certify the election on January 6, but he refused to do so. Any credible person understands the vice president doesn't have this aut…",neutral
"Meanwhile, Kamala Harris Speaks Out FOR Puerto Rico In Philly","by John Cole, Pennsylvania Capital-Star October 27, 2024 PHILADELPHIA— Vice President Kamala Harris’ 20th visit to Pennsylvania of the year included a busy day of campaigning across the state’s biggest Democratic stronghold. As she sought to  shore up support…",neutral
Van Jones: Kamala Harris And Trump Are Not Taking The Same Exam To Be President,"CNN contributor Van Jones made a very astute and important observation while being part of a panel discussion on Kamala Harris's CNN Town Hall performance Wednesday night.  This was a shout out to the viewers as well as the media, who have doing its part in n…",neutral
College Trump Voter Is Sad: Everyone On Campus Is Voting For Kamala Harris,"Kamala Harris has a 31 point lead over Donald Trump in the youth vote of ages 18 to 29, and that translates when we see a college Trump supporter complaining to RSBN that her fellow students are all for Kamala Harris and the Democratic party in Green Bay WI. …",positive
Disgraced Matt Schlapp Tries To Fit Kamala Harris In Pence's Suit,"Matt's Schlapp, the disgraced CPAC leader who paid out with an insurance policy almost a half a million dollars to settle a sexual harassment lawsuit to a male staffer from the Herschel Walker campaign tells Newsmax he's worried that Kamala Harris will do wha…",neutral
Did Jeff Bezos Kill The Kamala Harris Endorsement In Deal With Trump?,"The editorial board at the Washington Post had written the endorsement but it was killed by owner Jeff Bezos. The decision has enraged many in the newsroom and now people are asking why. For some, like former editor Robert Kagan, it didn't take much to put tw…",neutral
JD Vance Demands Kamala Harris To 'Shut The Hell Up' About John Kellys Claims,Vice Presidential nominee JD Vance threw a fit at General Mark Kelly's revelations regarding Trump's admiration for Hitler. Then he weirdly demanded that Kamala Harris 'shut the hell up' about it.  Methinks Hillbilly Vanilli is WAY too emotional to lead. That…,negative
Kamala Harris On Führer Trump's MSG Rally: 'More Vivid Than Usual',Vice President Kamala Harris was asked to expound on her criticisms of Trump's hateful campaign rally at Madison Square Garden Sunday while at Joint Base Andrews in Maryland earlier Monday. Harris explained that this horrific rally with its racism and hatred …,neutral
Kamala Harris Tears Into Trump For Calling The U.S. A 'Garbage Can',"On Friday in Houston, Texas, Vice President Kamala Harris tore into Donald Trump's description of the United States, claiming this country is ""like a garbage can for the world."" We've never seen a former president who loathes this country as Trump does before…",neutral
Kamala Harris Calls Out Trump For His Last-Minute Sexist BS,"During a press event in Madison Wisconsin, Kamala Harris responded to Speaker Johnson announcing they would dismantle Obamacare if put in charge after Nov 5th, and also condemned Trump's horrific (yet utterly typical) words about women.  HARRIS: The former Pr…",neutral
[Removed],[Removed]
[Removed],[Removed]
[Removed],[Removed]
[Removed],[Removed]
[Removed],[Removed]
Can Kamala Harris Glock the Vote?,Kamala Harris has increasingly talked up her gun ownership in an attempt to woo moderate voters. But does the VP’s Glock actually appeal to women gun owners?,neutral
New York’s Top Chef Wants to Invite Kamala Harris to Dinner,The famed New York chef and owner of Tatiana in Lincoln Center talks about his dream people to cook for and his dinner-party rules.,neutral
Full transcript: Vice President Kamala Harris interviewed by NBC News' Hallie Jackson,"Vice President Kamala Harris was interviewed Tuesday by NBC News' Hallie Jackson at the Naval Observatory in Washington, D.C.",neutral
What the Justice Department could look like under a Kamala Harris presidency,Kamala Harris’s team is quietly considering potential nominees for attorney general to lead the Justice Department if she beats Donald Trump in the 2024 election.,neutral
Kamala Harris Visits SNL to Give Maya Rudolph Advice in Pre-Election Sketch,"Presidential contender Kamala Harris just made a campaign stop at Studio 8H. Vice President Harris dropped by this week’s Saturday Night Live, crossing paths with Maya Rudolph’s impersonation of her and giving her advice as the final leg of the campaign appro…",neutral
Kamala Harris to Spend Election Night at Howard,"Kamala Harris to Spend Election Night at Howard        Liam Knox  Fri, 11/01/2024 - 03:00 AM      Byline(s)    Liam Knox     Kamala Harris to Spend Election Night at Howard        Liam Knox  Fri, 11/01/2024 - 03:00 AM      Byline(s)    Liam Knox",neutral
Joe Rogan Won’t Leave His House to Interview Kamala Harris,"Joe Rogan said that Kamala Harris can’t make time to visit Austin to record his podcast, which he does from his house.",neutral
Why Did Trump’s MSG Rally Call Kamala Harris the Antichrist?,"David Rem, a self-described childhood friend of Donald Trump, called Kamala Harris the Antichrist at the Madison Square Garden rally. There is a deeper meaning behind the term.",negative
"Helping Kamala Harris, Mike Johnson Vows to Kill Obamacare","Campaigning in Pennsylvania, House Speaker Mike Johnson promised he and Trump would destroy Obamacare and go back to a ‘free market’ health-care system sure to screw over the old, sick, and poor. This isn’t what Trump needed.",positive
Can Kamala Harris Pull Off Another Upset in Georgia?,"Can Kamala Harris pull off another upset in Georgia? Four years after a tumultuous presidential election in the Peach State, she’s an underdog against Trump.",neutral
Why the Kamala Harris Campaign Feels ‘Nauseously Optimistic’,"Kamala Harris’s campaign feels ‘nauseously optimistic’ about their chances to beat Donald Trump, based in large part on their analysis of early voting data so far.",negative
What Kamala Harris Needs to Do to Win Over More Black Men,“You’re going to pick on Black men and blame us for everything. What did you deliver to Black men in the past four years?”,negative
What Black male voters should consider about Kamala Harris,Vice President Kamala Harris' campaign presents a unique opportunity for Black male voters to finally be heard,neutral
Kamala Harris just made a surprise announcement & now everyone’s talking about Beyoncé,Kamala Harris' campaign made a surprise announcement this morning that has everyone talking.,neutral
Beyoncé & Kamala Harris on stage together in Houston and it is “epic”,Vice President Kamala Harris brings out global superstar and Houston native Beyoncé to campaign with her as she makes a stop in the city with less than two weeks to go before Election Day.,neutral
Kamala Harris Isn’t Repeating the Mistakes of 2016,"Donald Trump might still win, but it won’t be for Democrats’ lack of a well-organized campaign.",neutral
Surprise Kamala Harris Appearance Lights Up ‘Saturday Night Live’,"SNL this week featured John Mulaney, Chappell Roan (doing a brand-new country song), and the vice president in her final days before the 2024 election.",neutral
Kamala Harris Goes There: Trump Is a “Fascist”,The VP’s frank description of the former president follows stark warnings from retired generals John Kelly and Mark Milley about Trump’s autocratic ambitions.,positive
SNL’s Kamala Harris Cameo Might Have Violated FCC Rules,FCC Commissioner Brendan Carr accused ‘Saturday Night Live’ of ‘biased and partisan conduct’ for allowing the vice president on the show.,negative
"Fox News’ Bret Baier Defends Combative Kamala Harris Interview, Would “Love” to Have Her on Again","The network’s chief political anchor speaks to Vanity Fair about his sit-down with the Democratic nominee, which drew big ratings—and controversy—and provided fodder for SNL.",neutral
Kamala Harris Says Donald Trump's Potty Mouth “Demeans The Office” of the President,"The former president, never big on decorum, was especially vulgar at a recent campaign stop in Pennsylvania.",positive
Literal Billionaires Are Afraid to Publicly Endorse Kamala Harris for Fear of Retribution by Donald Trump,"You can’t really blame them, but you definitely can.",negative
"Beyoncé Expected to Perform “Freedom” at Kamala Harris Houston Rally Friday, Says Source","The Houston-born superstar is slated to take the stage alongside the candidate, sources confirm to VF.",neutral
Mel Gibson Claims Kamala Harris Has “The IQ of a Fence Post”,Actor and director Mel Gibson might be as well known for his film work as for his racist and antisemitic rants.,negative
Fox News Host Says He’d Divorce His Wife for Voting for Kamala Harris,"“If I found out Emma was going into the voting booth and pulling the lever for Harris, that’s the same thing as having an affair.”",negative
“We’re Distracted”: Kamala Harris Allies Fear She’s Letting Trump Dominate the Final Stretch,"Supporters say the VP isn’t hammering Trump hard enough—and her media plays may be too little too late. The campaign is “more worried about her being a liberal,” one notes, “than they are by his behavior or by Project 2025.”",negative
Beyoncé Officially Endorses Kamala Harris at Houston Hometown Rally: “It's Time to Sing a New Song!”,The Texan singer tipped her cowboy hat in support of the Democratic presidential nominee.,positive
Kamala Harris Asks Americans: Are You Really Going to Elect a Guy Who Has Good Things to Say About Hitler?,"You'd think this would be an easy answer, and yet...",neutral
Kamala Harris is a Far Lesser Evil than Donald Trump,"In this post I am going to explain why Kamala Harris is a far lesser evil than Donald Trump, and therefore, I plan to vote for her. Both candidates",positive
Is Kamala Harris a Marxist?,"There has been a lot of analysis and commentary about last month’s presidential debate, regarding everything from the ABC moderators’ selective fact-checking to Harris’s statement that she is a gun owner to Trump’s reference t...",neutral
‘Excellent’ Health Verdict Makes Things Worse for Kamala Harris,Kamala Harris’s campaign is flailing such that even the mainstream media can’t disguise her struggles.    Even her boss seems to have little confidence.     Joe Biden allegedly told Obama that “she” is &ldq...,negative
Who Is The ‘Real’ Kamala Harris? Who Is The ‘Real’ Tim Walz?,The question brings up the commonsense idea that human beings can wear a mask (a “persona”) and pretend to be one person while actually being something or someone entirely different. It’s based on the age-old philosophical topic of ...,neutral
The Strangely Empty Politics of Kamala Harris,"""Harris seems to be adopting a gimmicky new strategy every day, from embracing cryptocurrency to announcing that as president she'll run all policy through a bipartisan council of advisors. She's throwing everything against the wall, hoping that something, an…",negative
Two more LA Times editorial editors resign in protest after the paper's billionaire wouldn't let the editorial board endorse Kamala Harris for president. The Fourth Estate surrenders [Followup],Two more LA Times editorial editors resign in protest after the paper's billionaire wouldn't let the editorial board endorse Kamala Harris for president. The Fourth Estate surrenders,neutral
"Arnold Schwarzenegger Endorses VP Kamala Harris, Calls Out Trump","When we last checked in on how things were going with Netflix and series creator Nick Santora's (Reacher, Prison Break) Arnold Schwarzenegger-starring comedy-action series FUBAR, Schwarzenegger was letting the world know that his pacemaker surgery wouldn't ke…",positive
"Borat & Ali G Return, Take on VP Kamala Harris, Donald Trump (VIDEO)","With only days to go until the U.S. decides between Vice-President Kamala Harris and ex-reality show host, multi-impeached ex-POTUS, and convicted felon Donald Trump, it seems like everyone and their mother (and their mother's mother) has had a chance to shar…",positive
SNL 50: VP Kamala Harris Joins Maya Rudolph for Cold Open (VIDEO),"We knew that tonight's edition of NBC's Saturday Night Live was going to be something special just by looking at the calendar. That's because tonight's John Mulaney-hosted, Chappell Roan-performing show is also the final one before U.S. voters choose between …",neutral
"VP Kamala Harris Camp, Joe Rogan Still In Talks; JD Vance This Week","With U.S. voters only a week away from having to choose between keeping this country a democracy (VP Kamala Harris & Gov. Tim Walz) or flushing it down the toilet of fascism (ex-reality show host, multi-impeached ex-POTUS, and convicted felon Donald Trump & S…",positive
Saturday Night Live: VP Kamala Harris Reportedly Set to Appear Tonight,"After taking a one-week break after four new shows in a row, NBC's Saturday Night Live is returning tonight with the last SNL before U.S. voters choose between Vice President Kamala Harris and Gov. Tim Walz and ex-reality show host, multi-impeached ex-POTUS, …",neutral